Term,es,nes,pval,fdr,geneset_size,matched_size,genes,ledge_genes
ko00010,-0.15500220266984074,-0.5240154606125121,1.0,1.0,106,79,K13810;K15916;K02753;K12957;K00138;K01007;K04022;K00121;K00163;K16370;K01568;K01905;K02446;K03841;K16305;K11645;K15778;K16306;K20866;K15634;K00895;K13954;K04041;K00174;K01623;K11532;K00175;K00850;K20118;K22224;K15633;K01610;K21071;K00844;K01895;K00845;K03737;K01006;K15635;K01222;K00001;K01785;K00002;K00927;K01223;K00873;K02779;K01689;K01835;K01803;K01810;K01085;K00627;K01624;K06859;K02791;K00172;K00134;K02777;K00161;K00169;K00170;K00171;K00162;K00016;K00150;K00128;K15779;K00382;K00131;K04072;K01792;K01596;K01834;K13979;K00918;K13953;K00886;K00129,K00627;K01624;K06859;K02791;K00172;K00134;K02777;K00161;K00169;K00170;K00171;K00162;K00016;K00150;K00128;K15779;K00382;K00131;K04072;K01792;K01596;K01834;K13979;K00918;K13953;K00886;K00129
