Term,es,nes,pval,fdr,geneset_size,matched_size,genes,ledge_genes
ko00010,0.1814766560869822,0.5988136905430897,1.0,1.0,106,77,K22224;K16306;K02753;K00002;K02791;K06859;K15778;K01623;K01222;K02779;K00131;K16370;K00170;K01622;K00918;K00169;K00844;K00171;K04041;K03737;K00128;K00016;K00850;K00175;K15633;K00927;K00150;K00172;K04072;K02446;K00873;K01905;K00382;K00174;K01006;K15635;K11645;K01610;K00134;K01803;K04022;K01624;K01810;K01785;K01835;K20866;K00895;K01223;K12957;K00845;K02777;K01895;K01834;K01689;K15634;K00001;K00163;K21071;K00627;K13979;K20118;K01007;K13953;K00138;K01085;K00886;K03841;K01792;K00121;K00114;K00129;K13954;K11532;K01596;K00161;K00162;K01568,K22224;K16306;K02753;K00002;K02791;K06859;K15778;K01623;K01222;K02779;K00131;K16370;K00170;K01622;K00918
